carrier,origin_city,origin_prov,dest_city,dest_prov,min_charge_cad,rate_l5c_cwt,rate_5c_cwt,rate_1m_cwt,rate_2m_cwt,rate_5m_cwt,rate_10m_cwt,rate_20m_cwt,service_days,service_schedule,fuel_surcharge_pct,effective_date,expiry_date,notes
HiFab Transport,ACHESON AB,,AIRDRIE,AB,47.96,19.23,15.84,12.95,10.81,8.97,5.24,3.58,,,39,,,Rates per CWT by weight break; L5C=<500lb. FSC Sep 2026: 39% (update monthly). No accessorial fees. No expiry - rates stand until carrier provides new sheet.
HiFab Transport,ACHESON,AB,ALDERSYDE,AB,42.68,17.15,12.4,10.38,8.54,6.1,4.01,3.2,1,"M, T, W, Th, F",39,,,Rates per CWT by weight break; L5C=<500lb. FSC Sep 2026: 39% (update monthly). No accessorial fees. No expiry - rates stand until carrier provides new sheet.
HiFab Transport,ACHESON,AB,BLACK DIAMOND,AB,44.82,17.67,12.76,10.39,8.64,7.06,4.78,3.1,1,"M, T, W, Th, F",39,,,Rates per CWT by weight break; L5C=<500lb. FSC Sep 2026: 39% (update monthly). No accessorial fees. No expiry - rates stand until carrier provides new sheet.
HiFab Transport,ACHESON,AB,CARDSTON,AB,64.77,26.75,19.06,15.56,13.34,10.71,8.01,6.0,1,"M, T, W, Th, F",39,,,Rates per CWT by weight break; L5C=<500lb. FSC Sep 2026: 39% (update monthly). No accessorial fees. No expiry - rates stand until carrier provides new sheet.
HiFab Transport,ACHESON,AB,COALDALE,AB,59.55,21.78,18.14,13.43,11.61,8.81,6.67,5.71,1,"M, T, W, Th, F",39,,,Rates per CWT by weight break; L5C=<500lb. FSC Sep 2026: 39% (update monthly). No accessorial fees. No expiry - rates stand until carrier provides new sheet.
HiFab Transport,ACHESON,AB,FOREMOST,AB,72.81,30.94,21.35,18.75,16.89,12.87,8.8,6.25,1,"M, W, F",39,,,Rates per CWT by weight break; L5C=<500lb. FSC Sep 2026: 39% (update monthly). No accessorial fees. No expiry - rates stand until carrier provides new sheet.
HiFab Transport,ACHESON,AB,FORT MACLEOD,AB,50.02,21.74,16.9,13.56,11.71,9.21,5.99,4.75,1,"M, T, W, Th, F",39,,,Rates per CWT by weight break; L5C=<500lb. FSC Sep 2026: 39% (update monthly). No accessorial fees. No expiry - rates stand until carrier provides new sheet.
HiFab Transport,ACHESON,AB,HIGH RIVER,AB,42.68,17.15,12.4,10.38,8.54,6.1,4.01,3.2,1,"M, T, W, Th, F",39,,,Rates per CWT by weight break; L5C=<500lb. FSC Sep 2026: 39% (update monthly). No accessorial fees. No expiry - rates stand until carrier provides new sheet.
HiFab Transport,ACHESON AB,,LETHBRIDGE,AB,55.02,21.0,16.9,13.56,11.71,9.21,5.99,4.75,,"M, T, W, Th, F",39,,,Rates per CWT by weight break; L5C=<500lb. FSC Sep 2026: 39% (update monthly). No accessorial fees. No expiry - rates stand until carrier provides new sheet.
HiFab Transport,ACHESON,AB,MILK RIVER,AB,80.47,31.02,22.03,19.41,17.67,13.34,8.9,7.14,1,"M, W, F",39,,,Rates per CWT by weight break; L5C=<500lb. FSC Sep 2026: 39% (update monthly). No accessorial fees. No expiry - rates stand until carrier provides new sheet.
HiFab Transport,ACHESON,AB,NANTON,AB,46.69,18.7,15.67,12.83,10.58,8.88,4.9,4.22,1,"M, T, W, Th, F",39,,,Rates per CWT by weight break; L5C=<500lb. FSC Sep 2026: 39% (update monthly). No accessorial fees. No expiry - rates stand until carrier provides new sheet.
HiFab Transport,ACHESON,AB,OKOTOKS,AB,42.68,17.15,12.4,10.38,8.54,6.1,4.01,3.2,1,"M, T, W, Th, F",39,,,Rates per CWT by weight break; L5C=<500lb. FSC Sep 2026: 39% (update monthly). No accessorial fees. No expiry - rates stand until carrier provides new sheet.
HiFab Transport,ACHESON,AB,PICTURE BUTTE,AB,62.0,22.5,17.14,15.16,13.89,9.89,6.85,5.85,1,"M, T, W, Th, F",39,,,Rates per CWT by weight break; L5C=<500lb. FSC Sep 2026: 39% (update monthly). No accessorial fees. No expiry - rates stand until carrier provides new sheet.
HiFab Transport,ACHESON,AB,ROCKY VIEW,AB,45.37,19.61,15.69,12.83,10.7,8.89,5.34,3.65,1,"M, T, W, Th, F",39,,,Rates per CWT by weight break; L5C=<500lb. FSC Sep 2026: 39% (update monthly). No accessorial fees. No expiry - rates stand until carrier provides new sheet.
HiFab Transport,ACHESON,AB,ROCKY VIEW COUNTY,AB,51.5,21.62,17.81,14.56,12.15,10.09,5.89,4.02,1,"M, T, W, Th, F",39,,,Rates per CWT by weight break; L5C=<500lb. FSC Sep 2026: 39% (update monthly). No accessorial fees. No expiry - rates stand until carrier provides new sheet.
HiFab Transport,ACHESON,AB,STRATHMORE,AB,51.3,20.93,18.08,15.05,12.05,10.29,6.19,4.76,1,"M, T, W, Th, F",39,,,Rates per CWT by weight break; L5C=<500lb. FSC Sep 2026: 39% (update monthly). No accessorial fees. No expiry - rates stand until carrier provides new sheet.
HiFab Transport,ACHESON,AB,VAUXHALL,AB,70.12,24.0,20.34,16.26,15.41,10.99,8.97,6.95,1,"M, T, W, Th, F",39,,,Rates per CWT by weight break; L5C=<500lb. FSC Sep 2026: 39% (update monthly). No accessorial fees. No expiry - rates stand until carrier provides new sheet.
HiFab Transport,ACHESON,AB,VULCAN,AB,51.25,19.57,14.64,13.34,11.09,8.77,5.78,4.89,1,"M, T, W, Th, F",39,,,Rates per CWT by weight break; L5C=<500lb. FSC Sep 2026: 39% (update monthly). No accessorial fees. No expiry - rates stand until carrier provides new sheet.
HiFab Transport,CALGARY,AB,AIRDRIE,AB,26.25,10.69,6.23,4.54,4.03,2.52,2.26,1.6,1,"M, T, W, Th, F",39,,,Rates per CWT by weight break; L5C=<500lb. FSC Sep 2026: 39% (update monthly). No accessorial fees. No expiry - rates stand until carrier provides new sheet.
HiFab Transport,CALGARY,AB,COALDALE,AB,32.05,15.51,11.23,8.29,6.88,5.45,3.6,2.5,1,"M, T, W, Th, F",39,,,Rates per CWT by weight break; L5C=<500lb. FSC Sep 2026: 39% (update monthly). No accessorial fees. No expiry - rates stand until carrier provides new sheet.
HiFab Transport,CALGARY,AB,FORT MACLEOD,AB,46.22,15.46,11.06,7.81,6.12,5.04,3.52,2.25,1,"M, T, W, Th, F",39,,,Rates per CWT by weight break; L5C=<500lb. FSC Sep 2026: 39% (update monthly). No accessorial fees. No expiry - rates stand until carrier provides new sheet.
HiFab Transport,CALGARY,AB,LETHBRIDGE COUNTY,AB,31.98,14.95,10.33,7.52,5.99,4.89,3.45,2.25,1,"M, T, W, Th, F",39,,,Rates per CWT by weight break; L5C=<500lb. FSC Sep 2026: 39% (update monthly). No accessorial fees. No expiry - rates stand until carrier provides new sheet.
HiFab Transport,CALGARY,AB,LETHBRIDGE,AB,31.35,14.95,10.33,7.52,5.99,4.89,3.45,2.25,1,"M, T, W, Th, F",39,,,Rates per CWT by weight break; L5C=<500lb. FSC Sep 2026: 39% (update monthly). No accessorial fees. No expiry - rates stand until carrier provides new sheet.
HiFab Transport,CALGARY,AB,MILK RIVER,AB,58.92,22.36,15.35,12.22,10.92,7.71,5.03,3.5,1,"M, W, F",39,,,Rates per CWT by weight break; L5C=<500lb. FSC Sep 2026: 39% (update monthly). No accessorial fees. No expiry - rates stand until carrier provides new sheet.
HiFab Transport,CALGARY,AB,NANTON,AB,27.03,13.58,9.5,7.09,5.13,3.65,3.21,1.6,1,"M, T, W, Th, F",39,,,Rates per CWT by weight break; L5C=<500lb. FSC Sep 2026: 39% (update monthly). No accessorial fees. No expiry - rates stand until carrier provides new sheet.
HiFab Transport,CALGARY,AB,OKOTOKS,AB,24.02,11.23,6.54,4.76,4.23,2.65,2.38,1.4,1,"M, T, W, Th, F",39,,,Rates per CWT by weight break; L5C=<500lb. FSC Sep 2026: 39% (update monthly). No accessorial fees. No expiry - rates stand until carrier provides new sheet.
HiFab Transport,CALGARY,AB,PARKLAND,AB,31.67,15.69,10.49,7.3,5.7,4.36,3.1,2.25,1,"M, T, W, Th, F",39,,,Rates per CWT by weight break; L5C=<500lb. FSC Sep 2026: 39% (update monthly). No accessorial fees. No expiry - rates stand until carrier provides new sheet.
HiFab Transport,CALGARY,AB,PICTURE BUTTE,AB,39.78,17.01,11.43,8.38,6.5,5.36,3.97,2.5,1,"M, T, W, Th, F",39,,,Rates per CWT by weight break; L5C=<500lb. FSC Sep 2026: 39% (update monthly). No accessorial fees. No expiry - rates stand until carrier provides new sheet.
HiFab Transport,CALGARY,AB,PINCHER CREEK,AB,36.87,16.85,11.15,8.05,6.3,5.29,3.72,2.3,1,"T, Th",39,,,Rates per CWT by weight break; L5C=<500lb. FSC Sep 2026: 39% (update monthly). No accessorial fees. No expiry - rates stand until carrier provides new sheet.
HiFab Transport,CALGARY,AB,TABER,AB,35.97,16.18,11.3,8.2,6.4,5.31,3.85,2.5,1,"M, T, W, Th, F",39,,,Rates per CWT by weight break; L5C=<500lb. FSC Sep 2026: 39% (update monthly). No accessorial fees. No expiry - rates stand until carrier provides new sheet.
HiFab Transport,CALGARY,AB,VAUXHALL,AB,49.75,19.8,13.12,10.05,8.59,6.5,4.65,3.0,1,"M, T, W, Th, F",39,,,Rates per CWT by weight break; L5C=<500lb. FSC Sep 2026: 39% (update monthly). No accessorial fees. No expiry - rates stand until carrier provides new sheet.
HiFab Transport,CALGARY,AB,VULCAN,AB,31.67,14.65,9.79,6.39,5.43,4.36,3.1,2.25,1,"M, T, W, Th, F",39,,,Rates per CWT by weight break; L5C=<500lb. FSC Sep 2026: 39% (update monthly). No accessorial fees. No expiry - rates stand until carrier provides new sheet.
