origin_city,origin_prov,dest_city,dest_prov,min_charge_cad,rate_1000_cwt,rate_2000_cwt,rate_5000_cwt,rate_10000_cwt,rate_20000_cwt,service_days
EDMONTON,AB,CALGARY,AB,146.92,3.56,2.97,2.77,2.57,2.24,1
EDMONTON,AB,SASKATOON,SK,186.48,5.94,4.95,4.61,4.28,3.74,2
EDMONTON,AB,WINNIPEG,MB,209.09,6.10,5.08,4.75,4.41,3.84,2
EDMONTON,AB,KELOWNA,BC,237.34,7.08,5.92,5.50,5.12,4.46,3
EDMONTON,AB,TORONTO,ON,310.80,15.60,13.00,12.12,11.27,9.82,5
CALGARY,AB,EDMONTON,AB,146.92,3.56,2.97,2.77,2.57,2.24,1
CALGARY,AB,SASKATOON,SK,186.48,5.94,4.95,4.61,4.28,3.74,2
CALGARY,AB,WINNIPEG,MB,209.09,6.10,5.08,4.75,4.41,3.84,2
CALGARY,AB,KELOWNA,BC,226.03,6.74,5.63,5.25,4.87,4.24,3
CALGARY,AB,TORONTO,ON,310.80,15.60,13.00,12.12,11.27,9.82,5
WINNIPEG,MB,CALGARY,AB,210.89,8.44,7.03,6.56,6.09,5.31,2
WINNIPEG,MB,EDMONTON,AB,210.89,8.44,7.03,6.56,6.09,5.31,2
WINNIPEG,MB,SASKATOON,SK,189.26,7.79,6.49,6.06,5.62,4.90,2
WINNIPEG,MB,REGINA,SK,183.86,6.81,5.68,5.30,4.92,4.29,2
WINNIPEG,MB,VANCOUVER,BC,319.04,14.79,12.33,11.51,10.69,9.25,3
WINNIPEG,MB,KELOWNA,BC,351.49,15.57,12.98,12.11,11.25,9.81,4
WINNIPEG,MB,TORONTO,ON,292.01,10.38,8.65,8.08,7.49,6.53,2
