origin_city,origin_prov,dest_city,dest_prov,min_charge_cad,rate_ltl_cwt,rate_500_cwt,rate_1000_cwt,rate_2000_cwt,rate_5000_cwt,rate_10000_cwt,rate_20000_cwt
EDMONTON,AB,BEAVERLODGE,AB,67.81,30.14,22.50,18.49,16.14,12.07,7.90,7.90
EDMONTON,AB,BERWYN,AB,71.38,31.73,23.68,19.45,16.98,12.70,8.32,8.32
EDMONTON,AB,BEZANSON,AB,77.03,34.24,23.79,18.68,15.89,11.85,7.81,7.81
EDMONTON,AB,CALGARY,AB,56.95,22.91,18.38,15.73,14.02,10.51,6.84,6.84
EDMONTON,AB,CHARLIE LAKE,BC,71.62,32.55,25.31,21.05,17.98,13.78,10.58,10.58
EDMONTON,AB,CHETWYND,BC,76.31,34.67,27.77,22.64,19.74,15.30,11.80,11.80
EDMONTON,AB,CLAIRMONT,AB,53.62,23.84,19.11,16.33,14.59,10.93,7.11,7.11
EDMONTON,AB,DAWSON CREEK,BC,71.06,32.30,23.90,19.28,16.65,12.57,9.39,9.39
EDMONTON,AB,DEBOLT,AB,103.50,46.02,29.09,21.32,17.34,12.91,8.61,8.61
EDMONTON,AB,FAIRVIEW,AB,78.22,39.07,25.58,21.18,18.84,13.81,8.85,8.85
EDMONTON,AB,FALHER,AB,71.38,31.73,23.68,19.45,16.98,12.70,8.32,8.32
EDMONTON,AB,FOX CREEK,AB,57.17,25.40,20.37,17.42,15.57,11.63,7.58,7.58
EDMONTON,AB,FORT ST JOHN,BC,71.39,32.42,25.24,20.57,17.87,13.70,10.54,10.54
EDMONTON,AB,GRANDE PRAIRIE,AB,53.62,23.84,19.11,16.33,14.59,10.93,7.11,7.11
EDMONTON,AB,GRIMSHAW,AB,60.18,26.74,21.45,18.34,16.38,12.26,7.98,7.98
EDMONTON,AB,GROVEDALE,AB,90.27,40.13,26.45,20.00,16.61,12.39,8.20,8.20
EDMONTON,AB,HUDSON'S HOPE,BC,77.14,35.06,28.13,22.95,20.01,15.55,11.99,11.99
EDMONTON,AB,HYTHE,AB,67.96,30.74,22.95,18.86,16.46,12.30,8.06,8.06
EDMONTON,AB,MERCER PULP MILL,AB,94.62,42.06,28.16,21.54,18.02,13.44,8.90,8.90
EDMONTON,AB,NAMPA,AB,69.18,30.74,23.06,19.00,16.61,12.42,8.14,8.14
EDMONTON,AB,PEACE RIVER,AB,59.00,26.22,21.03,17.98,16.05,12.02,7.82,7.82
EDMONTON,AB,POUCE COUPE,BC,71.27,32.38,23.98,19.33,16.68,12.60,9.42,9.42
EDMONTON,AB,RYCROFT,AB,74.31,37.12,24.29,20.13,17.88,13.13,8.41,8.41
EDMONTON,AB,SEXSMITH,AB,79.08,35.15,24.21,18.89,15.99,11.94,7.87,7.87
EDMONTON,AB,SPIRIT RIVER,AB,74.31,37.12,24.29,20.13,17.88,13.13,8.41,8.41
EDMONTON,AB,ST ISIDORE,AB,64.08,28.49,22.04,18.49,16.33,12.21,7.98,7.98
EDMONTON,AB,TUMBLER RIDGE,BC,92.26,41.94,33.97,29.63,26.11,21.33,16.82,16.82
EDMONTON,AB,VALLEYVIEW,AB,57.17,25.40,20.37,17.42,15.57,11.63,7.58,7.58
EDMONTON,AB,WEMBLEY,AB,92.30,41.03,26.86,20.21,16.73,12.46,8.29,8.29
EDMONTON,AB,WHITECOURT,AB,45.58,20.27,16.24,13.89,12.41,9.29,6.04,6.04
ACHESON,AB,BEAVERLODGE,AB,67.81,30.14,22.50,18.49,16.14,12.07,7.90,7.90
ACHESON,AB,BERWYN,AB,71.38,31.73,23.68,19.45,16.98,12.70,8.32,8.32
ACHESON,AB,BEZANSON,AB,77.03,34.24,23.79,18.68,15.89,11.85,7.81,7.81
ACHESON,AB,CALGARY,AB,56.95,22.91,18.38,15.73,14.02,10.51,6.84,6.84
ACHESON,AB,CHARLIE LAKE,BC,71.62,32.55,25.31,21.05,17.98,13.78,10.58,10.58
ACHESON,AB,CHETWYND,BC,76.31,34.67,27.77,22.64,19.74,15.30,11.80,11.80
ACHESON,AB,CLAIRMONT,AB,53.62,23.84,19.11,16.33,14.59,10.93,7.11,7.11
ACHESON,AB,DAWSON CREEK,BC,71.06,32.30,23.90,19.28,16.65,12.57,9.39,9.39
ACHESON,AB,DEBOLT,AB,103.50,46.02,29.09,21.32,17.34,12.91,8.61,8.61
ACHESON,AB,FAIRVIEW,AB,78.22,39.07,25.58,21.18,18.84,13.81,8.85,8.85
ACHESON,AB,FALHER,AB,71.38,31.73,23.68,19.45,16.98,12.70,8.32,8.32
ACHESON,AB,FOX CREEK,AB,57.17,25.40,20.37,17.42,15.57,11.63,7.58,7.58
ACHESON,AB,FORT ST JOHN,BC,71.39,32.42,25.24,20.57,17.87,13.70,10.54,10.54
ACHESON,AB,GRANDE PRAIRIE,AB,53.62,23.84,19.11,16.33,14.59,10.93,7.11,7.11
ACHESON,AB,GRIMSHAW,AB,60.18,26.74,21.45,18.34,16.38,12.26,7.98,7.98
ACHESON,AB,GROVEDALE,AB,90.27,40.13,26.45,20.00,16.61,12.39,8.20,8.20
ACHESON,AB,HUDSON'S HOPE,BC,77.14,35.06,28.13,22.95,20.01,15.55,11.99,11.99
ACHESON,AB,HYTHE,AB,67.96,30.74,22.95,18.86,16.46,12.30,8.06,8.06
ACHESON,AB,MERCER PULP MILL,AB,94.62,42.06,28.16,21.54,18.02,13.44,8.90,8.90
ACHESON,AB,NAMPA,AB,69.18,30.74,23.06,19.00,16.61,12.42,8.14,8.14
ACHESON,AB,PEACE RIVER,AB,59.00,26.22,21.03,17.98,16.05,12.02,7.82,7.82
ACHESON,AB,POUCE COUPE,BC,71.27,32.38,23.98,19.33,16.68,12.60,9.42,9.42
ACHESON,AB,RYCROFT,AB,74.31,37.12,24.29,20.13,17.88,13.13,8.41,8.41
ACHESON,AB,SEXSMITH,AB,79.08,35.15,24.21,18.89,15.99,11.94,7.87,7.87
ACHESON,AB,SPIRIT RIVER,AB,74.31,37.12,24.29,20.13,17.88,13.13,8.41,8.41
ACHESON,AB,ST ISIDORE,AB,64.08,28.49,22.04,18.49,16.33,12.21,7.98,7.98
ACHESON,AB,TUMBLER RIDGE,BC,92.26,41.94,33.97,29.63,26.11,21.33,16.82,16.82
ACHESON,AB,VALLEYVIEW,AB,57.17,25.40,20.37,17.42,15.57,11.63,7.58,7.58
ACHESON,AB,WEMBLEY,AB,92.30,41.03,26.86,20.21,16.73,12.46,8.29,8.29
ACHESON,AB,WHITECOURT,AB,45.58,20.27,16.24,13.89,12.41,9.29,6.04,6.04
